{"lr-Adam": 0.0004333717365859892, "trainer/global_step": 10692, "_timestamp": 1688223853.9463954, "_runtime": 1618.6203293800354, "_step": 718, "train_loss": 2.2201130390167236, "lr": 0.000433371722465381, "epoch": 11, "val_loss": 1.4722174406051636, "perplexity": 4.413236141204834, "_wandb": {"runtime": 1617}}