{"lr-Adam": 0.0005047866181629793, "trainer/global_step": 7878, "_timestamp": 1688155181.2268353, "_runtime": 1112.7482073307037, "_step": 529, "train_loss": 0.9459919333457947, "lr": 0.0005047866143286228, "epoch": 8, "val_loss": 1.4775875806808472, "perplexity": 4.427043437957764, "_wandb": {"runtime": 1112}}