{"lr-Adam": 0.0008857017232993411, "trainer/global_step": 5099, "_timestamp": 1687976972.7968853, "_runtime": 932.0613963603973, "_step": 418, "train_loss": 1.256965160369873, "lr": 0.0008857017382979393, "epoch": 5, "val_loss": 1.492612600326538, "perplexity": 4.443689823150635}