{"lr-Adam": 0.0004767583839369427, "trainer/global_step": 8816, "_timestamp": 1688158659.418429, "_runtime": 1251.429459810257, "_step": 593, "train_loss": 0.8774400949478149, "lr": 0.0004767583741340786, "epoch": 9, "val_loss": 1.4847122430801392, "perplexity": 4.477323055267334, "_wandb": {"runtime": 1250}}