{"lr-Adam": 0.0005797953973154064, "trainer/global_step": 11922, "_timestamp": 1687979870.9100912, "_runtime": 2157.3104162216187, "_step": 977, "train_loss": 0.7315568923950195, "lr": 0.0005797953926958144, "epoch": 12, "val_loss": 1.5366950035095215, "perplexity": 4.645514011383057, "_wandb": {"runtime": 2156}}