{"lr-Adam": 0.0005047866181629793, "trainer/global_step": 7878, "_timestamp": 1688246330.173301, "_runtime": 1298.423810005188, "_step": 529, "train_loss": 2.3004348278045654, "lr": 0.0005047866143286228, "epoch": 8, "val_loss": 1.5194400548934937, "perplexity": 4.626171588897705, "_wandb": {"runtime": 1298}}