{"lr-Adam": 0.0005047866181629793, "trainer/global_step": 7878, "_timestamp": 1688156915.5347016, "_runtime": 1207.0844554901123, "_step": 529, "train_loss": 0.8575076460838318, "lr": 0.0005047866143286228, "epoch": 8, "val_loss": 1.5157229900360107, "perplexity": 4.620034217834473, "_wandb": {"runtime": 1206}}