{"lr-Adam": 0.000362750057818963, "trainer/global_step": 15199, "_timestamp": 1688244990.6020617, "_runtime": 2402.373965740204, "_step": 927, "train_loss": 1.8859068155288696, "lr": 0.0003627500555012375, "epoch": 16, "val_loss": 1.6607295274734497, "perplexity": 5.302304267883301, "_wandb": {"runtime": 2405}}