{"lr-Adam": 2.4500000000000003e-05, "trainer/global_step": 49, "_timestamp": 1688158708.4413102, "_runtime": 9.318292140960693, "_step": 2, "train_loss": 10.016053199768066, "lr": 2.4499999199179e-05, "epoch": 0, "_wandb": {"runtime": 10}}