{"lr-Adam": 0.0004333717365859892, "trainer/global_step": 10692, "_timestamp": 1688226299.3268275, "_runtime": 1490.3074464797974, "_step": 718, "train_loss": 2.261561155319214, "lr": 0.000433371722465381, "epoch": 11, "val_loss": 1.4515876770019531, "perplexity": 4.32887601852417, "_wandb": {"runtime": 1489}}