{"lr-Adam": 0.0004152452981586911, "trainer/global_step": 11630, "_timestamp": 1688233781.6367967, "_runtime": 1567.168428659439, "_step": 782, "train_loss": 2.2621817588806152, "lr": 0.0004152453038841486, "epoch": 12, "val_loss": 1.4340163469314575, "perplexity": 4.240326881408691, "_wandb": {"runtime": 1566}}