{"lr-Adam": 0.0004767583839369427, "trainer/global_step": 8816, "_timestamp": 1695375214.727943, "_runtime": 1511.0201358795166, "_step": 593, "train_loss": 2.29975962638855, "lr": 0.0004767583741340786, "epoch": 9, "val_loss": 1.5249528884887695, "perplexity": 4.624921798706055, "_wandb": {"runtime": 1510}}