{"lr-Adam": 0.0004767583839369427, "trainer/global_step": 8816, "_timestamp": 1706898341.3159792, "_runtime": 1443.9159183502197, "_step": 593, "train_loss": 2.1893563270568848, "lr": 0.0004767583741340786, "epoch": 9, "val_loss": 1.5281575918197632, "perplexity": 4.641826152801514, "_wandb": {"runtime": 1443}}