{"lr-Adam": 0.00042739335929477864, "trainer/global_step": 10984, "_timestamp": 1688153883.3775864, "_runtime": 1732.8698663711548, "_step": 899, "train_loss": 0.6274665594100952, "lr": 0.00042739335913211107, "epoch": 11, "val_loss": 1.5937225818634033, "perplexity": 4.91476583480835, "_wandb": {"runtime": 1732}}